id;name;phone;email
1;Isle;(136) 856-9565;Lauriane.Hartmann47@yahoo.com
2;drive Generic Enterprise-wide;1-997-722-6790;Willis_Buckridge51@yahoo.com
3;users backing up;379-100-9123;Mellie95@gmail.com
4;Designer Greece Quality;459-694-7284;Antonietta_Stiedemann66@hotmail.com
5;withdrawal;1-060-576-3815;Cheyanne.Borer@yahoo.com
6;District French Southern Territories;363.823.3341;Felix.Feest69@gmail.com
7;Cambridgeshire Investment Account content;530.270.8318;Ian_Lubowitz64@yahoo.com
8;Investment Account Bedfordshire composite;140.752.3251;Kevin.Bosco@gmail.com
9;matrix Solomon Islands Dollar Gorgeous Plastic Sausages;1-755-274-6438 x6659;Eduardo_Hane@yahoo.com
10;AGP Pants;733.784.7816;Maryjane.Padberg27@hotmail.com
