id;name;created;img;img_content_type;description;url
1;Cambridgeshire Interactions;2020-05-21;../fake-data/blob/hipster.png;image/png;Saudi Riyal;https://reinhold.info
2;Ball utilisation Idaho;2020-05-21;../fake-data/blob/hipster.png;image/png;disintermediate Supervisor Harbors;http://ethan.info
3;Outdoors Legacy Credit Card Account;2020-05-22;../fake-data/blob/hipster.png;image/png;Lake Liaison Steel;http://rahul.biz
4;Auto Loan Account Alaska Clothing;2020-05-22;../fake-data/blob/hipster.png;image/png;vortals interface;https://caitlyn.biz
5;circuit Borders XSS;2020-05-21;../fake-data/blob/hipster.png;image/png;Thailand;http://eleonore.org
6;communities Customer Quality;2020-05-21;../fake-data/blob/hipster.png;image/png;users RSS;https://raymond.net
7;flexibility;2020-05-21;../fake-data/blob/hipster.png;image/png;Wooden;http://kip.name
8;Optimization FTP;2020-05-21;../fake-data/blob/hipster.png;image/png;archive Metal Money Market Account;http://ariel.org
9;Mouse Handmade;2020-05-21;../fake-data/blob/hipster.png;image/png;SMTP Intelligent Frozen Pants;https://karli.net
10;zero administration;2020-05-22;../fake-data/blob/hipster.png;image/png;metrics Handmade New Leu;https://winston.info
